Title,Soundtrack Name
The Garfield Movie,The Garfield Movie (Original Motion Picture Soundtrack)
Saving Bikini Bottom: The Sandy Cheeks Movie,Saving Bikini Bottom: The Sandy Cheeks Movie (Original Motion Picture Soundtrack)
The 4:30 Movie,The 4:30 Movie (Original Motion Picture Soundtrack)
Doraemon the Movie: Nobita's Earth Symphony,Symphony
SUGA: Agust D Tour 'D-DAY' the Movie,D-DAY
The Casagrandes Movie,The Casagrandes Movie: Songs from and Inspired by the Original Motion Picture
Big City Greens the Movie: Spacecation,Big City Greens the Movie: Spacecation (Original Soundtrack)
Ryan's World the Movie: Titan Universe Adventure,Ryan's World the Movie: Titan Universe Adventure (The Original Motion Picture Soundtrack)
Slave Play. Not a Movie. A Play.,Slave
Abducted at an HBCU: A Black Girl Missing Movie,Abducted
The Amazing World of Gumball: The Movie,The Amazing World of Gumball
I Want to Be Neenja! The Movie,I Want To Be Neenja
Another Cabin in the Woods Movie,Cabin in the Woods
The Wrong Movie,The Theme from The Wrong Movie
Cheech and Chong's Last Movie,Cheech And Chong
Every Christopher Nolan Movie Ranked,Nolan
Babymetal: Legend 43 - The Movie,BABYMETAL
Parshawan - Punjabi Movie,Parshawan
The Greatest Surf Movie in the Universe,The Greatest Surf Movie in the Universe (Original Motion Picture Soundtrack)
LOL Surprise! The Skate Dance Movie,The Skate Dance Movie
Five Nights at Freddy's Minecraft Roleplay Movie,Five Nights at Freddy's
Eternity Road Movie,ETERNITY
"Summerville, the movie",Summerville
D' Terrifying Night Movie,Terrifying
Community: The Movie,Community
Untitled Karthi movie,untitled
Fat Chance! the Movie,Fat Chance
Movie Sense,Movie
MSPT the Movie 2: The Crystal Stars,Crystal Star
Christie the Movie,Christie
Untitled IJustWantToBeCool movie,MOVIE
These Guys the Movie,Guy
Home Movie,Home Movie
The Movie More,More
"Macho Madness, the Movie",Macho
Super Bowl LVIII was a Movie,Super Bowl
Rabbits Kingdom the Movie,「ツキウタ。」劇場版 RABBITS KINGDOM THE MOVIEエンディング主題歌「月たちのメモリア」
Movie Night,Movie Night: Famous Soundtracks
god's MASTERPIECE the Movie,Masterpiece
A Trill Movie Look Vol. 1,Trill
Double Standards Featured Movie,double standard
This is a Movie,This Is A Movie (Music from the Motion Picture The Upsetter) - Single
Iris the Movie: Full Energy!!,Iris
The Geneva Mechanism: A Ghost Movie,GHOST
Just Another Horror Movie,Just Another Horror Movie
Payback: Movie 2024,PayBack
Cacophony the Animated Movie,Cacophony
One Day the Movie,One Day
Paranoia Tapes : The Movie,paranoia
The Movie,The Movie (La Verdadera Pelicula - Bachata Is Taking Over)
Most Wanted: The Movie,Most Wanted
Damn You Hollywood: The Garfield Movie (2024),Damn You
